Topic,Problem,Name,Note,Difficulty,Done?,Unnamed: 5,Unnamed: 6
2 Pointers,https://cses.fi/problemset/task/1660,Sum of Two Values,Introduction,2,False,,
2 Pointers,https://cses.fi/problemset/task/2428,Subarray Distinct Values,frequency table,2,False,,https://codeforces.com/contest/886/problem/D
2 Pointers,https://programming.in.th/tasks/toi11_cannon,Cannon,-,3,False,,
2 Pointers,https://codeforces.com/contest/702/problem/C,Cellular Network,Binary Search,3,False,,
2 Pointers,https://cses.fi/problemset/task/1641/,Sum of Three Values,sum of 3 values,3,False,,
2 Pointers,https://oj.uz/problem/view/BOI24_drivers,Drivers,DSU,4,False,,
Adhoc,https://programming.in.th/tasks/1012,Sequence of Numbers,-,1,False,,
Adhoc,https://programming.in.th/tasks/0002,Hello World,Basic,1,False,,
Adhoc,https://programming.in.th/tasks/toi8_fighter,Fighter,-,2,False,,
Adhoc,https://programming.in.th/tasks/toi15_medal,Medal,-,2,False,,
Adhoc,https://cses.fi/problemset/task/1631/,Reading Books,proof,2,False,,
Adhoc,https://oj.uz/problem/view/JOI14_joioji,Joioji,map,3,False,,
Adhoc,https://programming.in.th/tasks/1002,Roman Numbers,roman numbers,3,False,,
Adhoc,https://oj.uz/problem/view/JOI17_foehn_phenomena,Foehn Phenomena,-,3,,,
Adhoc,https://oj.uz/problem/view/NOI23_topical,Topical,-,4,False,,
Alien Trick,https://oj.uz/problem/view/NOI19_feast,Feast,,5,False,,
Alien Trick,https://usaco.org/index.php?page=viewproblem2&cpid=697,Landscaping,,5,False,,
Alien Trick,https://codeforces.com/contest/1279/problem/F,New Year and Handle,,5,False,,
Alien Trick,https://oj.uz/problem/view/IOI16_aliens,Aliens,,5,False,,
Basic,https://cses.fi/problemset/task/1069,Weird Algorithm,-,1,False,,
Basic,https://programming.in.th/tasks/0029,Pattern,-,1,False,,
Basic,https://programming.in.th/tasks/0031,Multiplication Table,-,1,False,,
Basic,https://programming.in.th/tasks/0022,Basic Calculation,-,2,False,,
Bellman-Ford,https://cses.fi/problemset/task/1673,High Score,-,3,False,,
Bellman-Ford,https://cses.fi/problemset/task/1197,Cycle Finding,-,4,False,,
Binary Lifting,https://cses.fi/problemset/task/1687,Company Queries I,Introduction,3,False,,
Binary Lifting,https://cses.fi/problemset/task/1750,Planets Queries I,Functional Graph,3,False,,
Binary Lifting,https://programming.in.th/tasks/tumso16_ant,Ant,"LCA, Weighted",4,False,,
Binary Lifting,https://cses.fi/problemset/task/1135,Tree Distances I,LCA,4,False,,
Binary Lifting,https://cses.fi/problemset/task/1688,Company Queries II,LCA,4,False,,
Binary Lifting,https://codeforces.com/problemset/problem/609/E,Minimum Spanning Tree,second mst,5,False,,
Binary Search,https://cses.fi/problemset/task/1640,Binary Search,-,2,False,,
Binary Search,https://programming.in.th/tasks/toi11_labor,Labor,"Introduction, bsoa",3,False,,
Binary Search,https://codeforces.com/contest/1201/problem/C,Maximum Split,bsoa,3,False,,
Binary Search,https://cses.fi/problemset/task/1085,Array Division,"array division, greedy, bsoa",3,False,,
Binary Search,https://programming.in.th/tasks/codecube_181,,bsoa,3,False,,
Binary Search,https://programming.in.th/tasks/toi14_nbk48,NBK48,-,3,False,,
Binary Search,https://programming.in.th/tasks/toi18_shopping,Shopping,-,3,False,,
Binary Search,https://oj.uz/problem/view/JOI22_ho_t2,Railway Trip 2,bsoa,3,False,,
Binary Search,https://oj.uz/problem/view/EGOI24_circlepassing,Circle Passing,-,3,False,,
Binary Search,https://cses.fi/problemset/task/1084,Apartments,"upper/lowerbound, greedy",3,False,,
Binary Search,https://cses.fi/problemset/task/1090,Ferris Wheel,"upper/lowerbound, greedy",3,False,,
Binary Search,https://cses.fi/problemset/task/1091,Concert Tickets,upper/lowerbound,3,False,,
Binary Search,https://cses.fi/problemset/task/1163/,Traffic Lights,lower/upperbound,3,False,,
Binary Search,https://cses.fi/problemset/task/1620/,Factory Machines,"bsoa, overflow handle",3,False,,
Binary Search,https://cses.fi/problemset/task/2422,Multiplication Table,bsoa,3,False,,
Binary Search,https://grader.gchan.moe/problemset/c2_ds66_3m,,bsoa,3,False,,
Binary Search,https://codeforces.com/problemset/problem/1613/C,Poisoned Dagger,bsoa,3,False,,
Binary Search,https://programming.in.th/tasks/o61_mar_c2_chickentart,,-,4,False,,
Binary Search,https://programming.in.th/tasks/toi17_noodle,Noodle,-,4,False,,
Binary Search,https://oj.uz/problem/view/JOI13_watching,Watching,dp,4,False,,
Binary Search,https://ioicamp.neocities.org/inheritance,Inheritance,dsu,4,False,,
Binary Search,https://codeforces.com/contest/2128/problem/E1,Traps (Easy Version),"bsoa, greedy",4,False,,
Bipartite Graph,https://cses.fi/problemset/task/1668,Building Teams,Introduction,2,False,,
Bitset,https://oj.uz/problem/view/BOI19_nautilus,Nautilus,-,4,False,,
Bitset,https://api.otog.in.th/problem/doc/990,,"fusion, knapsack",4,False,,
Cartesian Tree,https://codeforces.com/contest/1748/problem/E,Weird LCM Pairs,-,4,False,,
CDQ DNC,https://zerojudge.tw/ShowProblem?problemid=c571,Balance,-,4,False,,
CDQ DNC,https://oj.uz/problem/view/JOI19_examination,Examination,-,4,False,,
CDQ DNC,https://zerojudge.tw/ShowProblem?problemid=c571,Balance,-,5,False,,
CDQ DNC,https://oj.uz/problem/view/JOI19_examination,Examination,-,5,False,,
Centroid,https://oj.uz/problem/view/IOI11_race,Race,Path,4,False,,
Centroid,https://codeforces.com/problemset/problem/342/E,Xenia and Tree,Online,4,False,,
Centroid,https://cses.fi/problemset/task/2080,Centroid Path Queries,Path,4,False,,
Centroid,https://codeforces.com/contest/321/problem/C,Ciel the Commander,-,4,False,,
Centroid,https://oj.uz/problem/view/COCI19_transport,Transport,"Path, ยาก",5,False,,
Combinatorics,https://oj.uz/problem/view/NOI19_pilot,Pilot,set,3,False,,
Cycle Detection,https://cses.fi/problemset/task/1669,Round Trip,-,3,False,,
Digit DP,https://codeforces.com/contest/1036/problem/C,Classy Numbers,-,3,False,,
Dijkstra,https://cses.fi/problemset/task/1671,Shortest Routes I,Introduction,2,False,,
Dijkstra,https://cses.fi/problemset/task/1667,Message Route,Backtrack,3,False,,
Dijkstra,https://programming.in.th/tasks/codecube_196,,2 Ways,3,False,,
Dijkstra,https://programming.in.th/tasks/codecube_228,,2 Ways,3,False,,
Dijkstra,https://programming.in.th/tasks/toi13_traveler,Traveler,-,3,False,,
Dijkstra,https://cses.fi/problemset/task/1195,Flight Discount,2 Ways,3,False,,
Dijkstra,https://judge.yosupo.jp/problem/shortest_path,Shortest Path,Backtrack,3,False,,
Dijkstra,https://oj.uz/problem/view/CCO24_day1problem1,Weird Flips,-,3,False,,
Dijkstra,https://oj.uz/problem/view/NOI23_airplane,Airplane,-,4,False,,
Dijkstra,https://programming.in.th/tasks/o58_oct_c2_routesontrees,,"2D, introduction",4,False,,
Dijkstra,https://programming.in.th/tasks/toi14_logistics,Logistics,2D,4,False,,
Dijkstra,https://oj.uz/problem/view/JOI24_ho_t2,Group Photo,Observe,4,False,,
Dijkstra,https://programming.in.th/tasks/o59_oct_c2_speedup,,2D,4,False,,
Dijkstra,https://cses.fi/problemset/task/1202,Investigation,Path Counts,4,False,,
Dijkstra,https://programming.in.th/tasks/toi15_cave,Cave,"2D, Binary Search",4,False,,
Dijkstra,https://oj.uz/problem/view/NOI22_votingcity,Voting City,"2D, bitmask",4,False,,
Dijkstra,https://oj.uz/problem/view/JOI17_soccer,Soccer,"2D, floodfill",5,False,,
Dijkstra,https://oj.uz/problem/view/JOI18_commuter_pass,Commuter Pass,DP,5,False,,
Dijkstra,https://cses.fi/problemset/task/1196,Flight Routes,2D,5,False,,
Dijkstra,https://ioicamp.neocities.org/ioioi_cards,IOIOI Cards,"2 ways, observe",5,False,,
Dijkstra,https://tlx.toki.id/problems/osn-2024/2B,Maze,sweepline,5,False,,
Divide and Conquer,https://cses.fi/problemset/task/1621,Distinct Numbers,Write merge sort,3,False,,
Divide and Conquer,https://www.spoj.com/problems/INVCNT/,Inversion Count,inversion count,3,False,,
Divide and Conquer,https://programming.in.th/tasks/toi14_plantation,Plantation,Closest Pair,4,False,,
Divide and Conquer,https://cses.fi/problemset/task/2194,Closest Pair of Points,Closest pair,4,False,,
DNC DP,https://programming.in.th/tasks/tumso16_mallow,Mallow,กวาดใบไม้,4,False,,
DNC DP,https://oj.uz/problem/view/APIO14_sequence,Sequence,-,4,False,,
DNC DP,https://oj.uz/problem/view/COI15_nafta,Nafta,-,4,False,,
DNC DP,https://cses.fi/problemset/task/2087/,Increasing Array II,-,4,False,,
DP,https://programming.in.th/tasks/1003,Triangle,Indroduction,1,False,,
DP,https://atcoder.jp/contests/dp/tasks/dp_a,Frog 1,Introduction,1,False,,
DP,https://cses.fi/problemset/task/1633,Dice Combinations,Basic,1,False,,
DP,https://atcoder.jp/contests/dp/tasks/dp_b,Frog 2,-,2,False,,
DP,https://atcoder.jp/contests/dp/tasks/dp_c,Vacation,-,2,False,,
DP,https://atcoder.jp/contests/dp/tasks/dp_h,Grid 1,Path Count,2,False,,
DP,https://programming.in.th/tasks/codecube_031,,-,2,False,,
DP,https://programming.in.th/tasks/codecube_048,,Memory Optimization,2,False,,
DP,https://programming.in.th/tasks/codecube_128,,-,2,False,,
DP,https://programming.in.th/tasks/toi10_goschool,Go to School,Path Count,2,False,,
DP,https://cses.fi/problemset/task/1638,Grid Paths,"Path Count, Introduction",2,False,,
DP,https://cses.fi/problemset/task/1634,Minimizing Coins,Cashier Algorithm,2,False,,
DP,https://programming.in.th/tasks/1058,Coin Change,-,2,False,,
DP,https://atcoder.jp/contests/dp/tasks/dp_k,Stones,,2,False,,
DP,https://cses.fi/problemset/task/1635,Coin Combinations I,-,2,False,,
DP,https://oj.uz/problem/view/IOI16_laugh,Laughing Song,funtion format introduction,2,False,,
DP,https://atcoder.jp/contests/dp/tasks/dp_i,Coins,prob,2,False,,
DP,https://codeforces.com/problemset/problem/455/A,Boredom,prefix,2,False,,
DP,https://atcoder.jp/contests/dp/tasks/dp_l,Deque,-,3,False,,
DP,https://atcoder.jp/contests/dp/tasks/dp_m,Candies,-,3,False,,
DP,https://programming.in.th/tasks/toi8_schedule,Schedule,-,3,False,,
DP,https://programming.in.th/tasks/toi9_beehive,Beehive,Floodfill,3,False,,
DP,https://programming.in.th/tasks/1052,Subset Sum,-,3,False,,
DP,https://programming.in.th/tasks/codecube_045,,Memory Optimization,3,False,,
DP,https://oj.uz/problem/view/COCI20_bajka,Bajka,-,3,False,,
DP,https://programming.in.th/tasks/toi12_key,Key,-,3,False,,
DP,https://cses.fi/problemset/task/1637,Removing Digits,-,3,False,,
DP,https://cses.fi/problemset/task/1636,Coin Combinations II,-,3,False,,
DP,https://cses.fi/problemset/task/1746,Array Description,-,3,False,,
DP,https://cses.fi/problemset/task/1639,Edit Distance,-,3,False,,
DP,https://cses.fi/problemset/task/3359,Counting Reachable Nodes,new way of defining state,3,False,,
DP,https://programming.in.th/tasks/1114,DP Problem,-,3,False,,
DP,https://programming.in.th/tasks/1172,DP Advanced,-,4,False,,
DP,https://programming.in.th/tasks/2003,DP Challenge,-,4,False,,
DP,https://oj.uz/problem/view/COCI21_kamencici,Kamencici,DP,4,False,,
DP,https://programming.in.th/tasks/toi15_archery,Archery,observe,4,False,,
DP,https://programming.in.th/tasks/toi18_mountain,Mountain,-,4,False,,
DP,https://programming.in.th/tasks/toi18_sausage,Sausage,-,4,False,,
DP,https://cses.fi/problemset/task/2413,Counting Towers,Hard Definition,4,False,,
DP,https://codeforces.com/contest/2096/problem/C,Geraldine the Greedy Girlscout,observe,4,False,,
DP,https://codeforces.com/problemset/problem/1842/C,Tenzing and Pretzel,,4,False,,
DP,https://programming.in.th/tasks/o59_oct_c2_triangle,,-,4,False,,
DP,https://programming.in.th/tasks/o59_oct_c2_dslope,,fenwick,4,False,,
DP,https://oj.uz/problem/view/APIO13_robots,Robots,floodfill,5,False,,
DP,https://oj.uz/problem/view/BOI19_kitchen,Kitchen,-,5,False,,
DP Bitmask,https://programming.in.th/tasks/1036,Bitmask,-,2,False,,
DP bitmask,https://atcoder.jp/contests/abc180/tasks/abc180_e,Traveling Salesman among Aerial Cities,TSP,3,False,,
DP Bitmask,https://oj.uz/problem/view/COCI16_kronican,Kronican,-,3,False,,
DP Bitmask,https://cses.fi/problemset/task/1653,Hamiltonian Flights,-,3,False,,
DP Bitmask,https://programming.in.th/tasks/codecube_051,,Floyd-Washall,3,False,,
DP Bitmask,https://codeforces.com/problemset/problem/16/E,Fish,-,3,False,,
DP bitmask,https://cses.fi/problemset/task/1690,Counting Tilings,-,3,False,,
DP Bitmask,https://atcoder.jp/contests/dp/tasks/dp_o,Matching,-,4,False,,
DP Bitmask,https://oj.uz/problem/view/COCI16_vjestica,Vjestica,3^n,4,False,,
DP Bitmask,https://www.spoj.com/problems/PESADA04/,Pesada,-,4,False,,
DP Bitmask,https://programming.in.th/tasks/o61_may02_garden,,-,4,False,,
DP Bitmask,https://acm.timus.ru/problem.aspx?space=1&num=1152,False Mirror,-,4,False,,
DP Bitmask,https://codeforces.com/contest/8/problem/C,Looking for Order,backtrack,4,False,,
DP bitmask,https://programming.in.th/tasks/tumso20_kusuriya,Kusuriya,,4,False,,
DP Bitmask,https://codeforces.com/contest/895/problem/C,Square Subsets,,5,False,,
DP Knapsack,https://atcoder.jp/contests/dp/tasks/dp_e,Knapsack 2,-,3,False,,
DP Knapsack,https://atcoder.jp/contests/dp/tasks/dp_d,Knapsack 1,-,3,False,,
DP Knapsack,https://cses.fi/problemset/task/1158,Book Shop,-,3,False,,
DP Knapsack,https://oj.uz/problem/view/COCI17_kas,Kas,-,4,False,,
DP Knapsack,https://atcoder.jp/contests/abc364/tasks/abc364_e,Maximum Glutton,-,4,False,,
DP Knapsack,https://crackncode.contest.codeforces.com/group/rn8uJP8lA7/contest/520621,,"Observe, Fusion",4,False,,
DP knapsack,https://oj.uz/problem/view/COCI20_zapina,Zapina,combinatorics,4,False,,
DP Knapsack,https://api.otog.in.th/problem/doc/990,,"Bitset, sqrt",5,False,,
DP Knapsack,https://oj.uz/problem/view/NOI18_knapsack,Knapsack,SlogS,5,False,,
DP knapsack,https://oj.uz/problem/view/IOI20_jelly,Jelly Fish Salad,greedy,5,False,,
DP knapsack,https://atcoder.jp/contests/dp/tasks/dp_x,Tower,exchange argument,5,False,,
DP LCS,https://atcoder.jp/contests/dp/tasks/dp_f,LCS,-,2,False,,
DP LCS,https://cses.fi/problemset/task/1639,Edit Distance,-,3,False,,
DP LCS,https://programming.in.th/tasks/1019,Longest Common Subsequence,,3,False,,
DP LCS,https://cses.fi/problemset/task/3403,Longest Common Subsequence,backtrack,3,False,,
DP MCM,https://onlinejudge.u-aizu.ac.jp/problems/ALDS1_10_B,Matrix Chain Multiplication,"classic, print '\n' at end",2,False,,
DP MCM,https://atcoder.jp/contests/dp/tasks/dp_n,Slimes,-,3,False,,
DP MCM,https://programming.in.th/tasks/toi11_segitiga,Segitiga,Bitmask Introduction,3,False,,
DP MCM,https://codeforces.com/problemset/problem/607/B,Zuma,-,3,False,,
DP MCM,https://codeforces.com/contest/1132/problem/F,Clear the String,-,3,False,,
DP MCM,https://programming.in.th/tasks/toi10_pair,Pair,-,4,False,,
DP MCM,https://otog.in.th/problem/841,,-,4,False,,
DP MCM,https://programming.in.th/tasks/o59_may05_boxes,,-,5,False,,
DP on tree,https://cses.fi/problemset/task/1674,Tree Matching,Introduction,2,False,,
DP on tree,https://codeforces.com/problemset/problem/115/A,Party Lemonade,-,2,False,,
DP on tree,https://atcoder.jp/contests/dp/tasks/dp_g,Longest Path,-,3,False,,
DP on tree,https://atcoder.jp/contests/dp/tasks/dp_p,Independent Set,-,3,False,,
DP on tree,https://oj.uz/problem/view/COCI18_birokracija,Birokracija,-,3,False,,
DP on tree,https://cses.fi/problemset/task/1130,Tree Diameter,-,3,False,,
DP on tree,https://cses.fi/problemset/task/1131,Tree Distances I,Diameter,3,False,,
DP on tree,https://atcoder.jp/contests/dp/tasks/dp_v,Subtree,re-root,4,False,,
DP on tree,https://cses.fi/problemset/task/1132,Tree Distances II,re-root,4,False,,
DP on tree,https://crackncode.contest.codeforces.com/group/rn8uJP8lA7/contest/520621,,"Neighbors, re-root",4,False,,
DP on tree,https://codeforces.com/contest/1187/problem/E,Tree Painting,re-root,4,False,,
DP on tree,https://cses.fi/problemset/task/1133,Path Queries,re-root,4,False,,
DP on tree,https://atcoder.jp/contests/abc259/tasks/abc259_f,Select Edges,greedy,4,False,,
DP on tree,https://codeforces.com/contest/1060/problem/E,Sergey's Problem,-,4,False,,
DSU,https://programming.in.th/tasks/1092,Union Find,-,2,False,,
DSU,https://cses.fi/problemset/task/1676,Road Construction,Introduction,2,False,,
DSU,https://programming.in.th/tasks/codecube_224,,Amogus Trick,4,False,,
Eulor Tour,https://cses.fi/problemset/task/1137,Subtree Queries,Fenwick,4,False,,
Eulor Tour,https://codeforces.com/problemset/problem/343/D,Tree and Queries,segtree,4,False,,
Fenwick 2D,https://cses.fi/problemset/task/1739/,Polynomial Queries,-,4,False,,
Fenwick 2D,https://codeforces.com/problemset/problem/869/E,The Untended Antiquity,hashing,4,False,,
Floodfill,https://programming.in.th/tasks/toi7_sewer,Sewer,-,2,False,,
Floodfill,https://cses.fi/problemset/task/1192,Counting Rooms,Introduction,2,False,,
Floodfill,https://oj.uz/problem/view/COCI20_emacs,Emacs,-,2,False,,
Floodfill,https://programming.in.th/tasks/1166,Grid BFS,-,2,False,,
Floodfill,https://programming.in.th/tasks/1061,Flood Fill,-,3,False,,
Floodfill,https://programming.in.th/tasks/toi11_candle,Candle,-,3,False,,
Floodfill,https://cses.fi/problemset/task/1193,Labyrinth,Backtrack,3,False,,
Floodfill,https://programming.in.th/tasks/toi17_wall,Wall,-,3,False,,
Floodfill,https://programming.in.th/tasks/toi13_robot,Robot,Multisource,4,False,,
Floodfill,https://programming.in.th/tasks/toi8_maze,Maze,-,4,False,,
Floodfill,https://oj.uz/problem/view/eJOI19_adventure,Adventure,-,4,False,,
Floodfill,https://programming.in.th/tasks/toi14_space_1,Space,bitset for full score,4,False,,
Floodfill,https://cses.fi/problemset/task/1194,Monsters,"Backtrack, multisource",4,False,,
Floyd-Warshall,https://cses.fi/problemset/task/1672,Shortest Routes II,Introduction,2,False,,
Floyd-Warshall,https://programming.in.th/tasks/toi17_1221,1221,Hidden Graph,3,False,,
Floyd-Warshall,https://programming.in.th/tasks/toi17_metaverse_1,Metaverse,Floyd-Washall idea,3,False,,
Floyd-Warshall,https://oj.uz/problem/view/COCI22_autobus,Autobus,-,3,False,,
Floyd-Warshall,https://programming.in.th/tasks/codecube_051,,"bitmask dp, TSP",3,False,,
Floyd-Warshall,https://codeforces.com/problemset/problem/295/B,Yaroslav and Two Strings,,4,False,,
Graph Traversal,https://programming.in.th/tasks/1031,Tree Center,-,2,False,,
Graph Traversal,https://programming.in.th/tasks/1057,Bipartite Check,-,2,False,,
Graph Traversal,https://oj.uz/problem/view/COCI21_cijanobakterije,Cijanobakterije,-,2,False,,
Graph Traversal,https://cses.fi/problemset/task/1666,Building Roads,-,3,False,,
Graph Traversal,https://programming.in.th/tasks/1111,Graph Query,-,3,False,,
Graph Traversal,https://oj.uz/problem/view/COCI20_patkice,Patkice,Graph reversal,3,False,,
Graph Traversal,https://oj.uz/problem/view/LMIO18_menesinis_bilietas,Monthly Ticket,-,3,False,,
Graph Traversal,https://cses.fi/problemset/task/1667/,Message Route,Backtrack,3,False,,
Graph Traversal,https://codeforces.com/problemset/problem/520/B,Two Buttons,dp,3,False,,
Graph Traversal,https://api.otog.in.th/problem/doc/1061,,observe,4,False,,
Graph Traversal,https://programming.in.th/tasks/toi12_weakpoint,Weak Point,-,5,False,,
Greedy,https://cses.fi/problemset/task/1094,Stick Lengths,-,1,False,,
Greedy,https://programming.in.th/tasks/codecube_202,,-,1,False,,
Greedy,https://programming.in.th/tasks/1005,Average,-,2,False,,
Greedy,https://codeforces.com/problemset/problem/1807/B,Maximum Subsequence Value,-,2,False,,
Greedy,https://codeforces.com/problemset/problem/1798/A,Greatest Convex,-,2,False,,
Greedy,https://codeforces.com/problemset/problem/1778/A,Flip Flops,-,2,False,,
Greedy,https://cses.fi/problemset/task/1074,Towers,-,2,False,,
Greedy,https://cses.fi/problemset/task/1630,Tasks and Deadlines,exchange argument introduction,2,False,,
Greedy,https://codeforces.com/problemset/problem/437/C,The Child and Toy,-,2,False,,
Greedy,https://programming.in.th/tasks/1142,Segment Tree,-,3,False,,
Greedy,https://cses.fi/problemset/task/1629,Movie Festival,Interval Scheduling,3,False,,
Greedy,https://cses.fi/problemset/task/1643,Maximum Subarray Sum,Maximum Subarray Sum,3,False,,
Greedy,https://cses.fi/problemset/task/2183/,Missing Coin Sum,-,3,False,,
Greedy,https://cses.fi/problemset/task/1073,Longest Increasing Subsequence,LIS,3,False,,
Greedy,https://oj.uz/problem/view/NOI17_bestplace,Best Place,median,3,False,,
Greedy,https://oj.uz/problem/view/IOI20_gift,Gift,sweepline,3,False,,
Greedy,https://oj.uz/problem/view/EGOI24_infiniterace2,Infinite Race 2,-,3,False,,
Greedy,https://codeforces.com/contest/529/problem/B,Group Division,-,3,False,,
Greedy,https://programming.in.th/tasks/toi13_cats,Cats,-,4,False,,
Greedy,https://codeforces.com/contest/1060/problem/D,Social Circles,-,4,False,,
Hashing,https://atcoder.jp/contests/abc250/tasks/abc250_e,Prefix Equality,xor hashing,2,False,,
Hashing,https://programming.in.th/tasks/toi9_wizards,Wizards,-,3,False,,
Hashing,https://codeforces.com/problemset/problem/869/E,The Untended Antiquity,xor hashing,4,False,,
Hashing,https://codeforces.com/gym/104937/problem/A,,xor hashing,4,False,,
Hashing,https://evaluator.hsin.hr/tasks/HONI222325lampice/,Lampice,xor hashing,4,False,,
Interactive,https://oj.uz/problem/view/BOI20_guess,Guess,Introduction,2,False,,
Interactive,https://cses.fi/problemset/task/3112,Binary Search,"introduction, bsearch",2,False,,
Interactive,https://oj.uz/problem/view/JOI18_xylophone,Xylophone,-,2,False,,
Interactive,https://oj.uz/problem/view/IOI18_combo,Combo,น่าทำ,3,False,,
Interactive,https://oj.uz/problem/view/IOI10_cluedo,Cluedo,-,3,False,,
Interactive,https://oj.uz/problem/view/CEOI14_carnival,Carnival,bsearch,3,False,,
Interactive,https://oj.uz/problem/view/IOI13_cave,Cave,-,3,False,,
Interactive,https://oj.uz/problem/view/BOI14_network,Network,-,3,False,,
Interactive,https://oj.uz/problem/view/JOI14_ramen,Ramen,-,3,False,,
Interactive,https://oj.uz/problem/view/info1cup17_eastereggs,Easter Eggs,Binary search on graph,3,False,,
Interactive,https://cses.fi/problemset/task/3139,Merge Sort,mergesort,3,False,,
Interactive,https://cses.fi/problemset/task/3273,Counting Inversions,Parity,3,False,,
Interactive,https://oj.uz/problem/view/JOI24_island,Island,cool problem,4,False,,
Interactive,https://oj.uz/problem/view/IOI16_dna,DNA,randomize,4,False,,
Interactive,https://cses.fi/problemset/task/3305,Finding a Cycle,Binary Search,4,False,,
Interactive,https://cses.fi/problemset/task/3228,Sorting with Queries,Recursive,4,False,,
Interactive,https://cses.fi/problemset/task/3140,Longest Palindrome,cool problem,4,False,,
Lazy Segment Tree,https://cses.fi/problemset/task/1651,Range Updates and Sums,Fenwick,3,False,,
Lazy Segment Tree,https://www.spoj.com/problems/HORRIBLE/,Horrible Queries,introduction,3,False,,
Lazy Segment Tree,https://oj.uz/problem/view/IZhO17_game,Game,-,4,False,,
Lazy Segment Tree,https://programming.in.th/tasks/1142,Segment Tree,Compress index,4,False,,
Lazy Segment Tree,https://oj.uz/problem/view/IZhO11_stones,Stones,observe,5,False,,
Lazy Segment Tree,https://oj.uz/problem/view/NOI20_progression,Progression,Last boss,5,False,,
LIS,https://oj.uz/problem/view/COCI14_studentsko,Studentsko,-,3,False,,
LIS,https://programming.in.th/tasks/codecube_104,,-,3,False,,
LIS,https://programming.in.th/tasks/toi13_orchid,Orchid,-,3,False,,
LIS,https://programming.in.th/tasks/toi18_garden,Garden,-,3,False,,
LIS,https://cses.fi/problemset/task/1145,Longest Increasing Subsequence,Introduction,3,False,,
LIS,https://codeforces.com/contest/67/problem/D,Subway,,3,False,,
LIS,https://cses.fi/problemset/task/1073,Longest Increasing Subsequence,-,4,False,,
LIS,https://programming.in.th/tasks/toi19_range,Range,-,4,False,,
Map,https://cses.fi/problemset/task/3420,Sliding Cost,Introduction,2,False,,
Map,https://programming.in.th/tasks/toi14_blockchain,Blockchain,-,3,False,,
Map,https://cses.fi/problemset/task/1642,Sum of Four Values,sum of 4 values,3,False,,
Math,https://programming.in.th/tasks/1025,LCM,lcm,2,False,,
Math,https://programming.in.th/tasks/1035,Power,-,2,False,,
Math,https://cses.fi/problemset/task/3421,Counting Points,"Combinatorics, map",2,False,,
Math,https://oj.uz/problem/view/BOI20_roses,Roses,-,3,False,,
Matrix Exponentiation,https://cses.fi/problemset/task/1095,Exponentiation,"Binary Power, Introduction",2,False,,
Matrix Exponentiation,https://codeforces.com/contest/691/problem/E,Xor-sequences,,3,False,,
Matrix Exponentiation,https://codeforces.com/gym/102644/problem/A,,Introduction,4,False,,
Matrix Exponentiation,https://codeforces.com/gym/102644/problem/B,,-,4,False,,
Matrix Exponentiation,https://codeforces.com/gym/102644/problem/C,,Fibonucci,4,False,,
Matrix Exponentiation,https://cses.fi/problemset/task/1722,Fibonacci Numbers,Fibonucci,4,False,,
Matrix Exponentiation,https://cses.fi/problemset/task/1723,Counting Paths,Path Counts,4,False,,
Matrix Exponentiation,https://codeforces.com/contest/717/problem/D,Festival Organization,nim,4,False,,
Matrix Exponentiation,https://codeforces.com/contest/582/problem/B,Once Again,,4,False,,
Matrix Exponentiation,https://programming.in.th/tasks/1134,Matrix Chain,microopt,5,False,,
Matrix Exponentiation,https://programming.in.th/tasks/o61_oct_c2_longpipe,,Hard Definition,5,False,,
Monotonic Stack,https://cses.fi/problemset/task/1645,Nearest Smaller Values,introduction,2,False,,
Monotonic Stack,https://cses.fi/problemset/task/3314,Largest Rectangle in Histogram,-,3,False,,
MST,https://otog.in.th/problem/859,,-,3,False,,
MST,https://programming.in.th/tasks/toi12_cablecar,Cable Car,-,3,False,,
MST,https://programming.in.th/tasks/toi11_place,Place,Introduction,3,False,,
MST,https://cses.fi/problemset/task/1675,Road Reparation,-,3,False,,
MST,https://judge.yosupo.jp/problem/minimum_spanning_tree,Minimum Spanning Tree,Introduction,3,False,,
MST,https://programming.in.th/tasks/toi15_budget,Budget,2-pointer,4,False,,
MST,https://programming.in.th/tasks/toi12_pipe,Pipe,"Prim, Memory Optimization",4,False,,
Offline Queries,https://api.otog.in.th/problem/doc/724,,-,4,False,,
Parallel Binary Search,https://cses.fi/problemset/task/2101,Shortest Flight Route,DSU,3,False,,
Parallel Binary Search,https://atcoder.jp/contests/agc002/tasks/agc002_d,Stamp Rally,DSU,3,False,,
Parallel Binary Search,https://crackncode.contest.codeforces.com/group/rn8uJP8lA7/contest/392796,,Three Kingdoms,3,False,,
Parallel Binary Search,https://oj.uz/problem/view/POI11_met,Meteors,Fenwick,4,False,,
Persistence Segment Tree,https://oj.uz/problem/view/COCI21_index,Index,Weird Bsearch on seg,4,False,,
Persistence Segment Tree,https://codeforces.com/problemset/problem/522/D,Closest Equals,-,4,False,,
Persistence Segment Tree,https://cses.fi/problemset/task/1734,Distinct Values Queries,เอาไว้ทำ online,4,False,,
Persistence Segment Tree,https://cses.fi/problemset/task/1737,Josephus Problem II,basic,4,False,,
Persistence Segment Tree,https://oj.uz/problem/view/JOI19_cake3,Cake 3,DNC DP idea,4,False,,
Persistence Segment Tree,https://judge.yosupo.jp/problem/range_kth_smallest,Range Kth Smallest,introduction,4,False,,
Persistence Segment Tree,https://codeforces.com/problemset/problem/813/E,Army Creation,-,4,False,,
Persistence Segment Tree,https://oj.uz/problem/view/JOI19_cake3,Cake 3,DNC DP idea,5,False,,
Persistence Segment Tree,https://codeforces.com/group/y3JXgQG05K/contest/510144/attachments,,ข้อ resource (ยาก),5,False,,
Persistence Segment Tree,https://oj.uz/problem/view/JOI23_currencies,Currencies,tree,5,False,,
Priority Queue,https://programming.in.th/tasks/1021,Priority Queue,Indroduction,1,False,,
Priority Queue,https://programming.in.th/tasks/toi12_peak,Peak,Set,2,False,,
Priority Queue,https://programming.in.th/tasks/1030,Kth Smallest,-,2,False,,
Queue,https://www.spoj.com/problems/QUEUEEZ/en/,Queue,introduction,1,False,,
Queue,https://programming.in.th/tasks/1004,Queue,-,2,False,,
Quicksum,https://cses.fi/problemset/task/1652,Forest Queries,2D,2,False,,
Quicksum,https://programming.in.th/tasks/toi8_location,Location,"2D, Introduction",2,False,,
Quicksum,https://cses.fi/problemset/task/1646,Static Range Sum Queries,Introduction,2,False,,
Quicksum,https://programming.in.th/tasks/1005,Average,-,2,False,,
Quicksum,https://programming.in.th/tasks/1024,Subsequence Sum,-,2,False,,
Quicksum,https://cses.fi/problemset/task/1661,Subarray Sums I,map,2,False,,
Quicksum,https://cses.fi/problemset/task/1662,Subarray Sums II,"mod, frequency table",2,False,,
Quicksum,https://programming.in.th/tasks/toi9_fence,Fence,2D,3,False,,
Quicksum,https://oj.uz/problem/view/NOI18_collectmushrooms,Collect Mushrooms,2D,3,False,,
Quicksum,https://programming.in.th/tasks/toi11_observatory,Observatory,"Challenge, 2D",4,False,,
Recursive,https://programming.in.th/tasks/toi8_sport,Sport,-,3,False,,
Recursive,https://programming.in.th/tasks/toi9_spaceship,Spaceship,Bruteforce,3,False,,
Recursive,https://programming.in.th/tasks/toi9_pipe,Pipe,-,4,False,,
Sack,https://cses.fi/problemset/task/1139,Distinct Values,eulor tour,4,False,,
Sack,https://codeforces.com/problemset/problem/375/D,Tree and Queries,Segtree,5,False,,
Sack,https://codeforces.com/problemset/problem/246/E,Blood Cousins Return,-,5,False,,
Sack,https://oj.uz/problem/view/NOI19_riggedroads,Rigged Roads,lca,5,False,,
Sack,https://codeforces.com/contest/1156/problem/E,Special Segments of Permutation,cartesian tree,5,False,,
Sack,https://codeforces.com/problemset/problem/1175/F,The Number of Subpermutations,"xor hashing, cartesian tree",5,False,,
SCC,https://cses.fi/problemset/task/1682,Flight Routes Check,-,2,False,,
SCC,https://judge.yosupo.jp/problem/scc,Strongly Connected Components,-,3,False,,
SCC,https://cses.fi/problemset/task/1683,Planets and Kingdoms,Introduction,3,False,,
SCC,https://cses.fi/problemset/task/2076,Coin Collector,2CC,3,False,,
SCC,https://codeforces.com/problemset/problem/427/C,Magic Permutation,-,3,False,,
SCC,https://judge.yosupo.jp/problem/two_edge_connected_components,Two Edge-Connected Components,2CC,4,False,,
SCC,https://programming.in.th/tasks/tumso19_chunkingraph,Chunk in Graph,2CC,4,False,,
SCC,https://cses.fi/problemset/task/1686,Planets Cycles,-,4,False,,
SCC,https://codeforces.com/problemset/problem/894/E,Ralph and Mushrooms,dp,4,False,,
SCC,https://cses.fi/problemset/task/1684,Giant Pizza,2SAT,5,False,,
SCC,https://programming.in.th/tasks/toi6_gem,Gem,2SAT,5,False,,
Segment Tree,https://oj.uz/problem/view/COCI17_deda,Deda,-,3,False,,
Segment Tree,https://cses.fi/problemset/task/1648,Dynamic Range Sum Queries,Fenwick,3,False,,
Segment Tree,https://cses.fi/problemset/task/1649,Dynamic Range Minimum Queries,-,3,False,,
Segment Tree,https://cses.fi/problemset/task/1650,Range Xor Queries,-,3,False,,
Segment Tree,https://cses.fi/problemset/task/1143,Hotel Queries,-,3,False,,
Segment Tree,https://programming.in.th/tasks/o61_oct_c1_charprint,,Fenwick,3,False,,
Segment Tree,https://oj.uz/problem/view/EGOI24_bouquet,Bouquet,Fenwick,3,False,,
Segment Tree,https://cses.fi/problemset/task/2166,Segment Tree with Node Merging,"Merging node, introduction",3,False,,
Segment Tree,https://cses.fi/problemset/task/2206,Range Queries and Copies,-,3,False,,
Segment Tree,https://oj.uz/problem/view/NOI20_mountains,Mountains,"Fenwick, LIS",3,False,,
Segment Tree,https://cses.fi/problemset/task/1748,Increasing Subsequence,"Fenwick, dp",3,False,,
Segment Tree,https://cses.fi/problemset/task/2169,Nested Ranges Count,"offline query, sorting, fenwick",3,False,,
Segment Tree,https://oj.uz/problem/view/COCI15_relativnost,Relativnost,-,4,False,,
Segment Tree,https://cses.fi/problemset/task/1749,List Removals,Binary Search (Walk on seg),4,False,,
Segment Tree,https://programming.in.th/tasks/codecube_183,,Binary Search (Walk on seg),4,False,,
Segment Tree,https://cses.fi/problemset/task/1190,Subarray Sum Queries,Merging node,4,False,,
Segment Tree,https://cses.fi/problemset/task/1734,Distinct Values Queries,"Distinct value, Mo",4,False,,
Segment Tree,https://cses.fi/problemset/task/1188,Planar Graph Orientation,Merging node,4,False,,
Segment Tree,https://judge.yosupo.jp/problem/point_set_range_composite,Point Set Range Composite,Merging node,4,False,,
Segment Tree,https://cses.fi/problemset/task/2163,Tree Queries,Binary Search (Walk on seg),4,False,,
Segment Tree,https://programming.in.th/tasks/o60_oct_c1_house,,merging node,4,False,,
Segment Tree,https://oj.uz/problem/view/IOI15_horses,Horses,Merging node,5,False,,
Set,https://cses.fi/problemset/task/1621,Distinct Numbers,Introduction,1,False,,
Sieve of Eratosthenes,https://cses.fi/problemset/task/1713,Counting Divisors,-,2,False,,
Sieve of Eratosthenes,https://programming.in.th/tasks/toi10_prime,Prime,Introduction,2,False,,
Sieve of Eratosthenes,https://oj.uz/problem/view/COCI20_spiderman,Spiderman,-,3,False,,
Sieve of Eratosthenes,https://codeforces.com/problemset/problem/230/B,Treeland,-,3,False,,
Sliding Window,https://programming.in.th/tasks/toi8_electricity,Electricity,-,3,False,,
Sliding Window,https://oj.uz/problem/view/COCI17_telefoni,Telefoni,-,3,False,,
Sliding Window,https://programming.in.th/tasks/1108,Sliding Window,-,3,False,,
Sliding Window,https://cses.fi/problemset/task/3221,Sliding Window Sum,intro,3,False,,
Sliding Window,https://cses.fi/problemset/task/1644,Maximum Subarray Sum II,"[a, b]",4,False,,
Sliding Window,https://programming.in.th/tasks/toi12_barrier,Barrier,-,4,False,,
Sliding Window,https://cses.fi/problemset/task/1076,Sliding Window Median,-,4,False,,
Sparse Segment Tree,https://oj.uz/problem/view/IZhO12_apple,Apple,-,4,False,,
Sparse Segment Tree,https://oj.uz/problem/view/Balkan15_HAPPINESS,Happiness,-,4,False,,
Sparse Table,https://cses.fi/problemset/task/1647,Static Range Minimum Queries,-,3,False,,
Sparse Table,https://tlx.toki.id/problems/osn-2024/1B/,Kemana Harus Berlari,-,5,False,,
Sqrt Decomposition,https://programming.in.th/tasks/toi17_sequel,Sequel,Introduction,3,False,,
Sqrt Decomposition,https://codeforces.com/problemset/problem/86/D,Powerful array,Mo's,3,False,,
Sqrt Decomposition,https://codeforces.com/contest/797/problem/E,Array Queries,- ,3,False,,
Sqrt Decomposition,https://www.spoj.com/problems/DQUERY/,D-query,Mo's Algorithm,4,False,,
Sqrt Decomposition,https://atcoder.jp/contests/abc335/tasks/abc335_f,Hop Sugoroku,,4,False,,
Sqrt Decomposition,https://codeforces.com/contest/877/problem/F,Ann and Books,Mo (hard),4,False,,
Sqrt Decomposition,https://oj.uz/problem/view/JOI18_bitaro,Bitaro,Topo sort,5,False,,
Stack,https://programming.in.th/tasks/1121,Stack Intro,Indroduction,1,False,,
Stack,https://programming.in.th/tasks/1069,Stack,-,2,False,,
Stack,https://programming.in.th/tasks/1169,Stack Application,-,2,False,,
Stack,https://codeforces.com/group/y3JXgQG05K/contest/556933/problem/C,,-,3,False,,
Stack,https://programming.in.th/tasks/toi16_packbot,Packbot,-,4,False,,
Stack,https://oj.uz/problem/view/COCI14_bob,Bob,-,4,False,,
Stack,https://oj.uz/problem/view/BOI18_zalmoxis,Zalmoxis,-,5,False,,
Stack,https://programming.in.th/tasks/toi19_jewelry,Jewelry,-,5,False,,
String,https://oj.uz/problem/view/COCI21_kaucuk,Kaucuk,-,2,False,,
String,https://programming.in.th/tasks/toi10_catcode,Cat Code,-,3,False,,
String,https://programming.in.th/tasks/toi13_timerswitch,Timer Switch,-,3,False,,
String,https://cses.fi/problemset/task/1753,String Matching,,3,False,,
String,https://cses.fi/problemset/task/1733/,Count Inversions,Harmonic Series,3,False,,
String,https://cses.fi/problemset/task/1732,Finding Borders,-,3,False,,
String,https://codeforces.com/contest/1200/problem/E,Compress Words,hashing,3,False,,
String,https://cses.fi/problemset/task/1731,Word Combinations,"DP, trie",4,False,,
String,https://oj.uz/problem/view/IOI08_printer,Printer,trie,4,False,,
Sweepline,https://cses.fi/problemset/task/1619,Sorting Methods,-,2,False,,
Sweepline,https://programming.in.th/tasks/1029,Rectangles,,3,False,,
Sweepline,https://cses.fi/problemset/task/1164,Salary Queries,"Events point, offline query",3,False,,
Sweepline,https://codebreaker.xyz/problem/ranges,,- ,4,False,,
Topological Sort,https://cses.fi/problemset/task/1679,Course Schedule,Introduction,3,False,,
Topological Sort,https://cses.fi/problemset/task/1680,Longest Flight Route,DP,3,False,,
Topological Sort,https://programming.in.th/tasks/toi14_technology,Technology,-,4,False,,
Topological Sort,https://cses.fi/problemset/task/1681,Game Routes,DP,4,False,,
Topological Sort,https://cses.fi/problemset/task/1202,Investigation,DP,4,False,,
Treap,https://cses.fi/problemset/task/2072,Josephus Problem I,basic,4,False,,
Treap,https://otog.in.th/problem/877,,implement หนัก(มาก),5,False,,
Treap,https://programming.in.th/tasks/o60_may08_hahaha,,,5,False,,
Treap,https://cses.fi/problemset/task/2073,Josephus Problem II,lazy,5,False,,
Treap,https://cses.fi/problemset/task/2074,Josephus Problem III,lazy,5,False,,
Trie,https://codeforces.com/contest/633/problem/C,Playground,-,3,False,,
Trie,https://codeforces.com/problemset/problem/706/D,Vasiliy's Multiset,-,3,False,,
Trie,https://codeforces.com/contest/1902/problem/E,Collapsing Strings,dp,4,False,,
Trie,https://oj.uz/problem/view/IZhO12_xor,XOR and Favorite Number,,4,False,,
Trie,https://oj.uz/problem/view/COCI20_klasika,Klasika,,4,False,,
Trie,https://oj.uz/problem/view/JOI16_selling_rna,Selling RNA Strands,offline query,5,False,,
Knuth,https://codeforces.com/contest/1101/problem/F,Trucks and Cities,,5,False,,
Persistence Segment Tree,https://codeforces.com/contest/1080/problem/F,Katya and Segments Sets,,4,False,,
