Topic,Problem,Note,Difficulty,Done?,,
2 Pointers,https://cses.fi/problemset/task/1660,Introduction,2,FALSE,,
2 Pointers,https://cses.fi/problemset/task/2428,frequency table,2,FALSE,,https://codeforces.com/contest/886/problem/D
2 Pointers,https://programming.in.th/tasks/toi11_cannon,-,3,FALSE,,
2 Pointers,https://codeforces.com/contest/702/problem/C,Binary Search,3,FALSE,,
2 Pointers,https://cses.fi/problemset/task/1641/,sum of 3 values,3,FALSE,,
2 Pointers,https://oj.uz/problem/view/BOI24_drivers,DSU,4,FALSE,,
Adhoc,https://programming.in.th/tasks/1012,-,1,FALSE,,
Adhoc,https://programming.in.th/tasks/0002,Basic,1,FALSE,,
Adhoc,https://programming.in.th/tasks/toi8_fighter,-,2,FALSE,,
Adhoc,https://programming.in.th/tasks/toi15_medal,-,2,FALSE,,
Adhoc,https://cses.fi/problemset/task/1631/,proof,2,FALSE,,
Adhoc,https://oj.uz/problem/view/JOI14_joioji,map,3,FALSE,,
Adhoc,https://programming.in.th/tasks/1002,roman numbers,3,FALSE,,
Adhoc,https://oj.uz/problem/view/JOI17_foehn_phenomena,-,3,,,
Adhoc,https://oj.uz/problem/view/NOI23_topical,-,4,FALSE,,
Alien Trick,https://oj.uz/problem/view/NOI19_feast,,5,FALSE,,
Alien Trick,https://usaco.org/index.php?page=viewproblem2&cpid=697,,5,FALSE,,
Alien Trick,https://codeforces.com/contest/1279/problem/F,,5,FALSE,,
Alien Trick,https://oj.uz/problem/view/IOI16_aliens,,5,FALSE,,
Basic,https://cses.fi/problemset/task/1069,-,1,FALSE,,
Basic,https://programming.in.th/tasks/0029,-,1,FALSE,,
Basic,https://programming.in.th/tasks/0031,-,1,FALSE,,
Basic,https://programming.in.th/tasks/0022,-,2,FALSE,,
Bellman-Ford,https://cses.fi/problemset/task/1673,-,3,FALSE,,
Bellman-Ford,https://cses.fi/problemset/task/1197,-,4,FALSE,,
Binary Lifting,https://cses.fi/problemset/task/1687,Introduction,3,FALSE,,
Binary Lifting,https://cses.fi/problemset/task/1750,Functional Graph,3,FALSE,,
Binary Lifting,https://programming.in.th/tasks/tumso16_ant,"LCA, Weighted",4,FALSE,,
Binary Lifting,https://cses.fi/problemset/task/1135,LCA,4,FALSE,,
Binary Lifting,https://cses.fi/problemset/task/1688,LCA,4,FALSE,,
Binary Lifting,https://codeforces.com/problemset/problem/609/E,second mst,5,FALSE,,
Binary Search,https://cses.fi/problemset/task/1640,-,2,FALSE,,
Binary Search,https://programming.in.th/tasks/toi11_labor,"Introduction, bsoa",3,FALSE,,
Binary Search,https://codeforces.com/contest/1201/problem/C,bsoa,3,FALSE,,
Binary Search,https://cses.fi/problemset/task/1085,"array division, greedy, bsoa",3,FALSE,,
Binary Search,https://programming.in.th/tasks/codecube_181,bsoa,3,FALSE,,
Binary Search,https://programming.in.th/tasks/toi14_nbk48,-,3,FALSE,,
Binary Search,https://programming.in.th/tasks/toi18_shopping,-,3,FALSE,,
Binary Search,https://oj.uz/problem/view/JOI22_ho_t2,bsoa,3,FALSE,,
Binary Search,https://oj.uz/problem/view/EGOI24_circlepassing,-,3,FALSE,,
Binary Search,https://cses.fi/problemset/task/1084,"upper/lowerbound, greedy",3,FALSE,,
Binary Search,https://cses.fi/problemset/task/1090,"upper/lowerbound, greedy",3,FALSE,,
Binary Search,https://cses.fi/problemset/task/1091,upper/lowerbound,3,FALSE,,
Binary Search,https://cses.fi/problemset/task/1163/,lower/upperbound,3,FALSE,,
Binary Search,https://cses.fi/problemset/task/1620/,"bsoa, overflow handle",3,FALSE,,
Binary Search,https://cses.fi/problemset/task/2422,bsoa,3,FALSE,,
Binary Search,https://grader.gchan.moe/problemset/c2_ds66_3m,bsoa,3,FALSE,,
Binary Search,https://codeforces.com/problemset/problem/1613/C,bsoa,3,FALSE,,
Binary Search,https://programming.in.th/tasks/o61_mar_c2_chickentart,-,4,FALSE,,
Binary Search,https://programming.in.th/tasks/toi17_noodle,-,4,FALSE,,
Binary Search,https://oj.uz/problem/view/JOI13_watching,dp,4,FALSE,,
Binary Search,https://ioicamp.neocities.org/inheritance,dsu,4,FALSE,,
Binary Search,https://codeforces.com/contest/2128/problem/E1,"bsoa, greedy",4,FALSE,,
Bipartite Graph,https://cses.fi/problemset/task/1668,Introduction,2,FALSE,,
Bitset,https://oj.uz/problem/view/BOI19_nautilus,-,4,FALSE,,
Bitset,https://api.otog.in.th/problem/doc/990,"fusion, knapsack",4,FALSE,,
Cartesian Tree,https://codeforces.com/contest/1748/problem/E,-,4,FALSE,,
CDQ DNC,https://zerojudge.tw/ShowProblem?problemid=c571,-,4,FALSE,,
CDQ DNC,https://oj.uz/problem/view/JOI19_examination,-,4,FALSE,,
CDQ DNC,https://zerojudge.tw/ShowProblem?problemid=c571,-,5,FALSE,,
CDQ DNC,https://oj.uz/problem/view/JOI19_examination,-,5,FALSE,,
Centroid,https://oj.uz/problem/view/IOI11_race,Path,4,FALSE,,
Centroid,https://codeforces.com/problemset/problem/342/E,Online,4,FALSE,,
Centroid,https://cses.fi/problemset/task/2080,Path,4,FALSE,,
Centroid,https://codeforces.com/contest/321/problem/C,-,4,FALSE,,
Centroid,https://oj.uz/problem/view/COCI19_transport,"Path, ยาก",5,FALSE,,
Combinatorics,https://oj.uz/problem/view/NOI19_pilot,set,3,FALSE,,
Cycle Detection,https://cses.fi/problemset/task/1669,-,3,FALSE,,
Digit DP,https://codeforces.com/contest/1036/problem/C,-,3,FALSE,,
Dijkstra,https://cses.fi/problemset/task/1671,Introduction,2,FALSE,,
Dijkstra,https://cses.fi/problemset/task/1667,Backtrack,3,FALSE,,
Dijkstra,https://programming.in.th/tasks/codecube_196,2 Ways,3,FALSE,,
Dijkstra,https://programming.in.th/tasks/codecube_228,2 Ways,3,FALSE,,
Dijkstra,https://programming.in.th/tasks/toi13_traveler,-,3,FALSE,,
Dijkstra,https://cses.fi/problemset/task/1195,2 Ways,3,FALSE,,
Dijkstra,https://judge.yosupo.jp/problem/shortest_path,Backtrack,3,FALSE,,
Dijkstra,https://oj.uz/problem/view/CCO24_day1problem1,-,3,FALSE,,
Dijkstra,https://oj.uz/problem/view/NOI23_airplane,-,4,FALSE,,
Dijkstra,https://programming.in.th/tasks/o58_oct_c2_routesontrees,"2D, introduction",4,FALSE,,
Dijkstra,https://programming.in.th/tasks/toi14_logistics,2D,4,FALSE,,
Dijkstra,https://oj.uz/problem/view/JOI24_ho_t2,Observe,4,FALSE,,
Dijkstra,https://programming.in.th/tasks/o59_oct_c2_speedup,2D,4,FALSE,,
Dijkstra,https://cses.fi/problemset/task/1202,Path Counts,4,FALSE,,
Dijkstra,https://programming.in.th/tasks/toi15_cave,"2D, Binary Search",4,FALSE,,
Dijkstra,https://oj.uz/problem/view/NOI22_votingcity,"2D, bitmask",4,FALSE,,
Dijkstra,https://oj.uz/problem/view/JOI17_soccer,"2D, floodfill",5,FALSE,,
Dijkstra,https://oj.uz/problem/view/JOI18_commuter_pass,DP,5,FALSE,,
Dijkstra,https://cses.fi/problemset/task/1196,2D,5,FALSE,,
Dijkstra,https://ioicamp.neocities.org/ioioi_cards,"2 ways, observe",5,FALSE,,
Dijkstra,https://tlx.toki.id/problems/osn-2024/2B,sweepline,5,FALSE,,
Divide and Conquer,https://cses.fi/problemset/task/1621,Write merge sort,3,FALSE,,
Divide and Conquer,https://www.spoj.com/problems/INVCNT/,inversion count,3,FALSE,,
Divide and Conquer,https://programming.in.th/tasks/toi14_plantation,Closest Pair,4,FALSE,,
Divide and Conquer,https://cses.fi/problemset/task/2194,Closest pair,4,FALSE,,
DNC DP,https://programming.in.th/tasks/tumso16_mallow,กวาดใบไม้,4,FALSE,,
DNC DP,https://oj.uz/problem/view/APIO14_sequence,-,4,FALSE,,
DNC DP,https://oj.uz/problem/view/COI15_nafta,-,4,FALSE,,
DNC DP,https://cses.fi/problemset/task/2087/,-,4,FALSE,,
DP,https://programming.in.th/tasks/1003,Indroduction,1,FALSE,,
DP,https://atcoder.jp/contests/dp/tasks/dp_a,Introduction,1,FALSE,,
DP,https://cses.fi/problemset/task/1633,Basic,1,FALSE,,
DP,https://atcoder.jp/contests/dp/tasks/dp_b,-,2,FALSE,,
DP,https://atcoder.jp/contests/dp/tasks/dp_c,-,2,FALSE,,
DP,https://atcoder.jp/contests/dp/tasks/dp_h,Path Count,2,FALSE,,
DP,https://programming.in.th/tasks/codecube_031,-,2,FALSE,,
DP,https://programming.in.th/tasks/codecube_048,Memory Optimization,2,FALSE,,
DP,https://programming.in.th/tasks/codecube_128,-,2,FALSE,,
DP,https://programming.in.th/tasks/toi10_goschool,Path Count,2,FALSE,,
DP,https://cses.fi/problemset/task/1638,"Path Count, Introduction",2,FALSE,,
DP,https://cses.fi/problemset/task/1634,Cashier Algorithm,2,FALSE,,
DP,https://programming.in.th/tasks/1058,-,2,FALSE,,
DP,https://atcoder.jp/contests/dp/tasks/dp_k,,2,FALSE,,
DP,https://cses.fi/problemset/task/1635,-,2,FALSE,,
DP,https://oj.uz/problem/view/IOI16_laugh,funtion format introduction,2,FALSE,,
DP,https://atcoder.jp/contests/dp/tasks/dp_i,prob,2,FALSE,,
DP,https://codeforces.com/problemset/problem/455/A,prefix,2,FALSE,,
DP,https://atcoder.jp/contests/dp/tasks/dp_l,-,3,FALSE,,
DP,https://atcoder.jp/contests/dp/tasks/dp_m,-,3,FALSE,,
DP,https://programming.in.th/tasks/toi8_schedule,-,3,FALSE,,
DP,https://programming.in.th/tasks/toi9_beehive,Floodfill,3,FALSE,,
DP,https://programming.in.th/tasks/1052,-,3,FALSE,,
DP,https://programming.in.th/tasks/codecube_045,Memory Optimization,3,FALSE,,
DP,https://oj.uz/problem/view/COCI20_bajka,-,3,FALSE,,
DP,https://programming.in.th/tasks/toi12_key,-,3,FALSE,,
DP,https://cses.fi/problemset/task/1637,-,3,FALSE,,
DP,https://cses.fi/problemset/task/1636,-,3,FALSE,,
DP,https://cses.fi/problemset/task/1746,-,3,FALSE,,
DP,https://cses.fi/problemset/task/1639,-,3,FALSE,,
DP,https://cses.fi/problemset/task/3359,new way of defining state,3,FALSE,,
DP,https://programming.in.th/tasks/1114,-,3,FALSE,,
DP,https://programming.in.th/tasks/1172,-,4,FALSE,,
DP,https://programming.in.th/tasks/2003,-,4,FALSE,,
DP,https://oj.uz/problem/view/COCI21_kamencici,DP,4,FALSE,,
DP,https://programming.in.th/tasks/toi15_archery,observe,4,FALSE,,
DP,https://programming.in.th/tasks/toi18_mountain,-,4,FALSE,,
DP,https://programming.in.th/tasks/toi18_sausage,-,4,FALSE,,
DP,https://cses.fi/problemset/task/2413,Hard Definition,4,FALSE,,
DP,https://codeforces.com/contest/2096/problem/C,observe,4,FALSE,,
DP,https://codeforces.com/problemset/problem/1842/C,,4,FALSE,,
DP,https://programming.in.th/tasks/o59_oct_c2_triangle,-,4,FALSE,,
DP,https://programming.in.th/tasks/o59_oct_c2_dslope,fenwick,4,FALSE,,
DP,https://oj.uz/problem/view/APIO13_robots,floodfill,5,FALSE,,
DP,https://oj.uz/problem/view/BOI19_kitchen,-,5,FALSE,,
DP Bitmask,https://programming.in.th/tasks/1036,-,2,FALSE,,
DP bitmask,https://atcoder.jp/contests/abc180/tasks/abc180_e,TSP,3,FALSE,,
DP Bitmask,https://oj.uz/problem/view/COCI16_kronican,-,3,FALSE,,
DP Bitmask,https://cses.fi/problemset/task/1653,-,3,FALSE,,
DP Bitmask,https://programming.in.th/tasks/codecube_051,Floyd-Washall,3,FALSE,,
DP Bitmask,https://codeforces.com/problemset/problem/16/E,-,3,FALSE,,
DP bitmask,https://cses.fi/problemset/task/1690,-,3,FALSE,,
DP Bitmask,https://atcoder.jp/contests/dp/tasks/dp_o,-,4,FALSE,,
DP Bitmask,https://oj.uz/problem/view/COCI16_vjestica,3^n,4,FALSE,,
DP Bitmask,https://www.spoj.com/problems/PESADA04/,-,4,FALSE,,
DP Bitmask,https://programming.in.th/tasks/o61_may02_garden,-,4,FALSE,,
DP Bitmask,https://acm.timus.ru/problem.aspx?space=1&num=1152,-,4,FALSE,,
DP Bitmask,https://codeforces.com/contest/8/problem/C,backtrack,4,FALSE,,
DP bitmask,https://programming.in.th/tasks/tumso20_kusuriya,,4,FALSE,,
DP Bitmask,https://codeforces.com/contest/895/problem/C,,5,FALSE,,
DP Knapsack,https://atcoder.jp/contests/dp/tasks/dp_e,-,3,FALSE,,
DP Knapsack,https://atcoder.jp/contests/dp/tasks/dp_d,-,3,FALSE,,
DP Knapsack,https://cses.fi/problemset/task/1158,-,3,FALSE,,
DP Knapsack,https://oj.uz/problem/view/COCI17_kas,-,4,FALSE,,
DP Knapsack,https://atcoder.jp/contests/abc364/tasks/abc364_e,-,4,FALSE,,
DP Knapsack,https://crackncode.contest.codeforces.com/group/rn8uJP8lA7/contest/520621,"Observe, Fusion",4,FALSE,,
DP knapsack,https://oj.uz/problem/view/COCI20_zapina,combinatorics,4,FALSE,,
DP Knapsack,https://api.otog.in.th/problem/doc/990,"Bitset, sqrt",5,FALSE,,
DP Knapsack,https://oj.uz/problem/view/NOI18_knapsack,SlogS,5,FALSE,,
DP knapsack,https://oj.uz/problem/view/IOI20_jelly,greedy,5,FALSE,,
DP knapsack,https://atcoder.jp/contests/dp/tasks/dp_x,exchange argument,5,FALSE,,
DP LCS,https://atcoder.jp/contests/dp/tasks/dp_f,-,2,FALSE,,
DP LCS,https://cses.fi/problemset/task/1639,-,3,FALSE,,
DP LCS,https://programming.in.th/tasks/1019,,3,FALSE,,
DP LCS,https://cses.fi/problemset/task/3403,backtrack,3,FALSE,,
DP MCM,https://onlinejudge.u-aizu.ac.jp/problems/ALDS1_10_B,"classic, print '\n' at end",2,FALSE,,
DP MCM,https://atcoder.jp/contests/dp/tasks/dp_n,-,3,FALSE,,
DP MCM,https://programming.in.th/tasks/toi11_segitiga,Bitmask Introduction,3,FALSE,,
DP MCM,https://codeforces.com/problemset/problem/607/B,-,3,FALSE,,
DP MCM,https://codeforces.com/contest/1132/problem/F,-,3,FALSE,,
DP MCM,https://programming.in.th/tasks/toi10_pair,-,4,FALSE,,
DP MCM,https://otog.in.th/problem/841,-,4,FALSE,,
DP MCM,https://programming.in.th/tasks/o59_may05_boxes,-,5,FALSE,,
DP on tree,https://cses.fi/problemset/task/1674,Introduction,2,FALSE,,
DP on tree,https://codeforces.com/problemset/problem/115/A,-,2,FALSE,,
DP on tree,https://atcoder.jp/contests/dp/tasks/dp_g,-,3,FALSE,,
DP on tree,https://atcoder.jp/contests/dp/tasks/dp_p,-,3,FALSE,,
DP on tree,https://oj.uz/problem/view/COCI18_birokracija,-,3,FALSE,,
DP on tree,https://cses.fi/problemset/task/1130,-,3,FALSE,,
DP on tree,https://cses.fi/problemset/task/1131,Diameter,3,FALSE,,
DP on tree,https://atcoder.jp/contests/dp/tasks/dp_v,re-root,4,FALSE,,
DP on tree,https://cses.fi/problemset/task/1132,re-root,4,FALSE,,
DP on tree,https://crackncode.contest.codeforces.com/group/rn8uJP8lA7/contest/520621,"Neighbors, re-root",4,FALSE,,
DP on tree,https://codeforces.com/contest/1187/problem/E,re-root,4,FALSE,,
DP on tree,https://cses.fi/problemset/task/1133,re-root,4,FALSE,,
DP on tree,https://atcoder.jp/contests/abc259/tasks/abc259_f,greedy,4,FALSE,,
DP on tree,https://codeforces.com/contest/1060/problem/E,-,4,FALSE,,
DSU,https://programming.in.th/tasks/1092,-,2,FALSE,,
DSU,https://cses.fi/problemset/task/1676,Introduction,2,FALSE,,
DSU,https://programming.in.th/tasks/codecube_224,Amogus Trick,4,FALSE,,
Eulor Tour,https://cses.fi/problemset/task/1137,Fenwick,4,FALSE,,
Eulor Tour,https://codeforces.com/problemset/problem/343/D,segtree,4,FALSE,,
Fenwick 2D,https://cses.fi/problemset/task/1739/,-,4,FALSE,,
Fenwick 2D,https://codeforces.com/problemset/problem/869/E,hashing,4,FALSE,,
Floodfill,https://programming.in.th/tasks/toi7_sewer,-,2,FALSE,,
Floodfill,https://cses.fi/problemset/task/1192,Introduction,2,FALSE,,
Floodfill,https://oj.uz/problem/view/COCI20_emacs,-,2,FALSE,,
Floodfill,https://programming.in.th/tasks/1166,-,2,FALSE,,
Floodfill,https://programming.in.th/tasks/1061,-,3,FALSE,,
Floodfill,https://programming.in.th/tasks/toi11_candle,-,3,FALSE,,
Floodfill,https://cses.fi/problemset/task/1193,Backtrack,3,FALSE,,
Floodfill,https://programming.in.th/tasks/toi17_wall,-,3,FALSE,,
Floodfill,https://programming.in.th/tasks/toi13_robot,Multisource,4,FALSE,,
Floodfill,https://programming.in.th/tasks/toi8_maze,-,4,FALSE,,
Floodfill,https://oj.uz/problem/view/eJOI19_adventure,-,4,FALSE,,
Floodfill,https://programming.in.th/tasks/toi14_space_1,bitset for full score,4,FALSE,,
Floodfill,https://cses.fi/problemset/task/1194,"Backtrack, multisource",4,FALSE,,
Floyd-Warshall,https://cses.fi/problemset/task/1672,Introduction,2,FALSE,,
Floyd-Warshall,https://programming.in.th/tasks/toi17_1221,Hidden Graph,3,FALSE,,
Floyd-Warshall,https://programming.in.th/tasks/toi17_metaverse_1,Floyd-Washall idea,3,FALSE,,
Floyd-Warshall,https://oj.uz/problem/view/COCI22_autobus,-,3,FALSE,,
Floyd-Warshall,https://programming.in.th/tasks/codecube_051,"bitmask dp, TSP",3,FALSE,,
Floyd-Warshall,https://codeforces.com/problemset/problem/295/B,,4,FALSE,,
Graph Traversal,https://programming.in.th/tasks/1031,-,2,FALSE,,
Graph Traversal,https://programming.in.th/tasks/1057,-,2,FALSE,,
Graph Traversal,https://oj.uz/problem/view/COCI21_cijanobakterije,-,2,FALSE,,
Graph Traversal,https://cses.fi/problemset/task/1666,-,3,FALSE,,
Graph Traversal,https://programming.in.th/tasks/1111,-,3,FALSE,,
Graph Traversal,https://oj.uz/problem/view/COCI20_patkice,Graph reversal,3,FALSE,,
Graph Traversal,https://oj.uz/problem/view/LMIO18_menesinis_bilietas,-,3,FALSE,,
Graph Traversal,https://cses.fi/problemset/task/1667/,Backtrack,3,FALSE,,
Graph Traversal,https://codeforces.com/problemset/problem/520/B,dp,3,FALSE,,
Graph Traversal,https://api.otog.in.th/problem/doc/1061,observe,4,FALSE,,
Graph Traversal,https://programming.in.th/tasks/toi12_weakpoint,-,5,FALSE,,
Greedy,https://cses.fi/problemset/task/1094,-,1,FALSE,,
Greedy,https://programming.in.th/tasks/codecube_202,-,1,FALSE,,
Greedy,https://programming.in.th/tasks/1005,-,2,FALSE,,
Greedy,https://codeforces.com/problemset/problem/1807/B,-,2,FALSE,,
Greedy,https://codeforces.com/problemset/problem/1798/A,-,2,FALSE,,
Greedy,https://codeforces.com/problemset/problem/1778/A,-,2,FALSE,,
Greedy,https://cses.fi/problemset/task/1074,-,2,FALSE,,
Greedy,https://cses.fi/problemset/task/1630,exchange argument introduction,2,FALSE,,
Greedy,https://codeforces.com/problemset/problem/437/C,-,2,FALSE,,
Greedy,https://programming.in.th/tasks/1142,-,3,FALSE,,
Greedy,https://cses.fi/problemset/task/1629,Interval Scheduling,3,FALSE,,
Greedy,https://cses.fi/problemset/task/1643,Maximum Subarray Sum,3,FALSE,,
Greedy,https://cses.fi/problemset/task/2183/,-,3,FALSE,,
Greedy,https://cses.fi/problemset/task/1073,LIS,3,FALSE,,
Greedy,https://oj.uz/problem/view/NOI17_bestplace,median,3,FALSE,,
Greedy,https://oj.uz/problem/view/IOI20_gift,sweepline,3,FALSE,,
Greedy,https://oj.uz/problem/view/EGOI24_infiniterace2,-,3,FALSE,,
Greedy,https://codeforces.com/contest/529/problem/B,-,3,FALSE,,
Greedy,https://programming.in.th/tasks/toi13_cats,-,4,FALSE,,
Greedy,https://codeforces.com/contest/1060/problem/D,-,4,FALSE,,
Hashing,https://atcoder.jp/contests/abc250/tasks/abc250_e,xor hashing,2,FALSE,,
Hashing,https://programming.in.th/tasks/toi9_wizards,-,3,FALSE,,
Hashing,https://codeforces.com/problemset/problem/869/E,xor hashing,4,FALSE,,
Hashing,https://codeforces.com/gym/104937/problem/A,xor hashing,4,FALSE,,
Hashing,https://evaluator.hsin.hr/tasks/HONI222325lampice/,xor hashing,4,FALSE,,
Interactive,https://oj.uz/problem/view/BOI20_guess,Introduction,2,FALSE,,
Interactive,https://cses.fi/problemset/task/3112,"introduction, bsearch",2,FALSE,,
Interactive,https://oj.uz/problem/view/JOI18_xylophone,-,2,FALSE,,
Interactive,https://oj.uz/problem/view/IOI18_combo,น่าทำ,3,FALSE,,
Interactive,https://oj.uz/problem/view/IOI10_cluedo,-,3,FALSE,,
Interactive,https://oj.uz/problem/view/CEOI14_carnival,bsearch,3,FALSE,,
Interactive,https://oj.uz/problem/view/IOI13_cave,-,3,FALSE,,
Interactive,https://oj.uz/problem/view/BOI14_network,-,3,FALSE,,
Interactive,https://oj.uz/problem/view/JOI14_ramen,-,3,FALSE,,
Interactive,https://oj.uz/problem/view/info1cup17_eastereggs,Binary search on graph,3,FALSE,,
Interactive,https://cses.fi/problemset/task/3139,mergesort,3,FALSE,,
Interactive,https://cses.fi/problemset/task/3273,Parity,3,FALSE,,
Interactive,https://oj.uz/problem/view/JOI24_island,cool problem,4,FALSE,,
Interactive,https://oj.uz/problem/view/IOI16_dna,randomize,4,FALSE,,
Interactive,https://cses.fi/problemset/task/3305,Binary Search,4,FALSE,,
Interactive,https://cses.fi/problemset/task/3228,Recursive,4,FALSE,,
Interactive,https://cses.fi/problemset/task/3140,cool problem,4,FALSE,,
Lazy Segment Tree,https://cses.fi/problemset/task/1651,Fenwick,3,FALSE,,
Lazy Segment Tree,https://www.spoj.com/problems/HORRIBLE/,introduction,3,FALSE,,
Lazy Segment Tree,https://oj.uz/problem/view/IZhO17_game,-,4,FALSE,,
Lazy Segment Tree,https://programming.in.th/tasks/1142,Compress index,4,FALSE,,
Lazy Segment Tree,https://oj.uz/problem/view/IZhO11_stones,observe,5,FALSE,,
Lazy Segment Tree,https://oj.uz/problem/view/NOI20_progression,Last boss,5,FALSE,,
LIS,https://oj.uz/problem/view/COCI14_studentsko,-,3,FALSE,,
LIS,https://programming.in.th/tasks/codecube_104,-,3,FALSE,,
LIS,https://programming.in.th/tasks/toi13_orchid,-,3,FALSE,,
LIS,https://programming.in.th/tasks/toi18_garden,-,3,FALSE,,
LIS,https://cses.fi/problemset/task/1145,Introduction,3,FALSE,,
LIS,https://codeforces.com/contest/67/problem/D,,3,FALSE,,
LIS,https://cses.fi/problemset/task/1073,-,4,FALSE,,
LIS,https://programming.in.th/tasks/toi19_range,-,4,FALSE,,
Map,https://cses.fi/problemset/task/3420,Introduction,2,FALSE,,
Map,https://programming.in.th/tasks/toi14_blockchain,-,3,FALSE,,
Map,https://cses.fi/problemset/task/1642,sum of 4 values,3,FALSE,,
Math,https://programming.in.th/tasks/1025,lcm,2,FALSE,,
Math,https://programming.in.th/tasks/1035,-,2,FALSE,,
Math,https://cses.fi/problemset/task/3421,"Combinatorics, map",2,FALSE,,
Math,https://oj.uz/problem/view/BOI20_roses,-,3,FALSE,,
Matrix Exponentiation,https://cses.fi/problemset/task/1095,"Binary Power, Introduction",2,FALSE,,
Matrix Exponentiation,https://codeforces.com/contest/691/problem/E,,3,FALSE,,
Matrix Exponentiation,https://codeforces.com/gym/102644/problem/A,Introduction,4,FALSE,,
Matrix Exponentiation,https://codeforces.com/gym/102644/problem/B,-,4,FALSE,,
Matrix Exponentiation,https://codeforces.com/gym/102644/problem/C,Fibonucci,4,FALSE,,
Matrix Exponentiation,https://cses.fi/problemset/task/1722,Fibonucci,4,FALSE,,
Matrix Exponentiation,https://cses.fi/problemset/task/1723,Path Counts,4,FALSE,,
Matrix Exponentiation,https://codeforces.com/contest/717/problem/D,nim,4,FALSE,,
Matrix Exponentiation,https://codeforces.com/contest/582/problem/B,,4,FALSE,,
Matrix Exponentiation,https://programming.in.th/tasks/1134,microopt,5,FALSE,,
Matrix Exponentiation,https://programming.in.th/tasks/o61_oct_c2_longpipe,Hard Definition,5,FALSE,,
Monotonic Stack,https://cses.fi/problemset/task/1645,introduction,2,FALSE,,
Monotonic Stack,https://cses.fi/problemset/task/3314,-,3,FALSE,,
MST,https://otog.in.th/problem/859,-,3,FALSE,,
MST,https://programming.in.th/tasks/toi12_cablecar,-,3,FALSE,,
MST,https://programming.in.th/tasks/toi11_place,Introduction,3,FALSE,,
MST,https://cses.fi/problemset/task/1675,-,3,FALSE,,
MST,https://judge.yosupo.jp/problem/minimum_spanning_tree,Introduction,3,FALSE,,
MST,https://programming.in.th/tasks/toi15_budget,2-pointer,4,FALSE,,
MST,https://programming.in.th/tasks/toi12_pipe,"Prim, Memory Optimization",4,FALSE,,
Offline Queries,https://api.otog.in.th/problem/doc/724,-,4,FALSE,,
Parallel Binary Search,https://cses.fi/problemset/task/2101,DSU,3,FALSE,,
Parallel Binary Search,https://atcoder.jp/contests/agc002/tasks/agc002_d,DSU,3,FALSE,,
Parallel Binary Search,https://crackncode.contest.codeforces.com/group/rn8uJP8lA7/contest/392796,Three Kingdoms,3,FALSE,,
Parallel Binary Search,https://oj.uz/problem/view/POI11_met,Fenwick,4,FALSE,,
Persistence Segment Tree,https://oj.uz/problem/view/COCI21_index,Weird Bsearch on seg,4,FALSE,,
Persistence Segment Tree,https://codeforces.com/problemset/problem/522/D,-,4,FALSE,,
Persistence Segment Tree,https://cses.fi/problemset/task/1734,เอาไว้ทำ online,4,FALSE,,
Persistence Segment Tree,https://cses.fi/problemset/task/1737,basic,4,FALSE,,
Persistence Segment Tree,https://oj.uz/problem/view/JOI19_cake3,DNC DP idea,4,FALSE,,
Persistence Segment Tree,https://judge.yosupo.jp/problem/range_kth_smallest,introduction,4,FALSE,,
Persistence Segment Tree,https://codeforces.com/problemset/problem/813/E,-,4,FALSE,,
Persistence Segment Tree,https://oj.uz/problem/view/JOI19_cake3,DNC DP idea,5,FALSE,,
Persistence Segment Tree,https://codeforces.com/group/y3JXgQG05K/contest/510144/attachments,ข้อ resource (ยาก),5,FALSE,,
Persistence Segment Tree,https://oj.uz/problem/view/JOI23_currencies,tree,5,FALSE,,
Priority Queue,https://programming.in.th/tasks/1021,Indroduction,1,FALSE,,
Priority Queue,https://programming.in.th/tasks/toi12_peak,Set,2,FALSE,,
Priority Queue,https://programming.in.th/tasks/1030,-,2,FALSE,,
Queue,https://www.spoj.com/problems/QUEUEEZ/en/,introduction,1,FALSE,,
Queue,https://programming.in.th/tasks/1004,-,2,FALSE,,
Quicksum,https://cses.fi/problemset/task/1652,2D,2,FALSE,,
Quicksum,https://programming.in.th/tasks/toi8_location,"2D, Introduction",2,FALSE,,
Quicksum,https://cses.fi/problemset/task/1646,Introduction,2,FALSE,,
Quicksum,https://programming.in.th/tasks/1005,-,2,FALSE,,
Quicksum,https://programming.in.th/tasks/1024,-,2,FALSE,,
Quicksum,https://cses.fi/problemset/task/1661,map,2,FALSE,,
Quicksum,https://cses.fi/problemset/task/1662,"mod, frequency table",2,FALSE,,
Quicksum,https://programming.in.th/tasks/toi9_fence,2D,3,FALSE,,
Quicksum,https://oj.uz/problem/view/NOI18_collectmushrooms,2D,3,FALSE,,
Quicksum,https://programming.in.th/tasks/toi11_observatory,"Challenge, 2D",4,FALSE,,
Recursive,https://programming.in.th/tasks/toi8_sport,-,3,FALSE,,
Recursive,https://programming.in.th/tasks/toi9_spaceship,Bruteforce,3,FALSE,,
Recursive,https://programming.in.th/tasks/toi9_pipe,-,4,FALSE,,
Sack,https://cses.fi/problemset/task/1139,eulor tour,4,FALSE,,
Sack,https://codeforces.com/problemset/problem/375/D,Segtree,5,FALSE,,
Sack,https://codeforces.com/problemset/problem/246/E,-,5,FALSE,,
Sack,https://oj.uz/problem/view/NOI19_riggedroads,lca,5,FALSE,,
Sack,https://codeforces.com/contest/1156/problem/E,cartesian tree,5,FALSE,,
Sack,https://codeforces.com/problemset/problem/1175/F,"xor hashing, cartesian tree",5,FALSE,,
SCC,https://cses.fi/problemset/task/1682,-,2,FALSE,,
SCC,https://judge.yosupo.jp/problem/scc,-,3,FALSE,,
SCC,https://cses.fi/problemset/task/1683,Introduction,3,FALSE,,
SCC,https://cses.fi/problemset/task/2076,2CC,3,FALSE,,
SCC,https://codeforces.com/problemset/problem/427/C,-,3,FALSE,,
SCC,https://judge.yosupo.jp/problem/two_edge_connected_components,2CC,4,FALSE,,
SCC,https://programming.in.th/tasks/tumso19_chunkingraph,2CC,4,FALSE,,
SCC,https://cses.fi/problemset/task/1686,-,4,FALSE,,
SCC,https://codeforces.com/problemset/problem/894/E,dp,4,FALSE,,
SCC,https://cses.fi/problemset/task/1684,2SAT,5,FALSE,,
SCC,https://programming.in.th/tasks/toi6_gem,2SAT,5,FALSE,,
Segment Tree,https://oj.uz/problem/view/COCI17_deda,-,3,FALSE,,
Segment Tree,https://cses.fi/problemset/task/1648,Fenwick,3,FALSE,,
Segment Tree,https://cses.fi/problemset/task/1649,-,3,FALSE,,
Segment Tree,https://cses.fi/problemset/task/1650,-,3,FALSE,,
Segment Tree,https://cses.fi/problemset/task/1143,-,3,FALSE,,
Segment Tree,https://programming.in.th/tasks/o61_oct_c1_charprint,Fenwick,3,FALSE,,
Segment Tree,https://oj.uz/problem/view/EGOI24_bouquet,Fenwick,3,FALSE,,
Segment Tree,https://cses.fi/problemset/task/2166,"Merging node, introduction",3,FALSE,,
Segment Tree,https://cses.fi/problemset/task/2206,-,3,FALSE,,
Segment Tree,https://oj.uz/problem/view/NOI20_mountains,"Fenwick, LIS",3,FALSE,,
Segment Tree,https://cses.fi/problemset/task/1748,"Fenwick, dp",3,FALSE,,
Segment Tree,https://cses.fi/problemset/task/2169,"offline query, sorting, fenwick",3,FALSE,,
Segment Tree,https://oj.uz/problem/view/COCI15_relativnost,-,4,FALSE,,
Segment Tree,https://cses.fi/problemset/task/1749,Binary Search (Walk on seg),4,FALSE,,
Segment Tree,https://programming.in.th/tasks/codecube_183,Binary Search (Walk on seg),4,FALSE,,
Segment Tree,https://cses.fi/problemset/task/1190,Merging node,4,FALSE,,
Segment Tree,https://cses.fi/problemset/task/1734,"Distinct value, Mo",4,FALSE,,
Segment Tree,https://cses.fi/problemset/task/1188,Merging node,4,FALSE,,
Segment Tree,https://judge.yosupo.jp/problem/point_set_range_composite,Merging node,4,FALSE,,
Segment Tree,https://cses.fi/problemset/task/2163,Binary Search (Walk on seg),4,FALSE,,
Segment Tree,https://programming.in.th/tasks/o60_oct_c1_house,merging node,4,FALSE,,
Segment Tree,https://oj.uz/problem/view/IOI15_horses,Merging node,5,FALSE,,
Set,https://cses.fi/problemset/task/1621,Introduction,1,FALSE,,
Sieve of Eratosthenes,https://cses.fi/problemset/task/1713,-,2,FALSE,,
Sieve of Eratosthenes,https://programming.in.th/tasks/toi10_prime,Introduction,2,FALSE,,
Sieve of Eratosthenes,https://oj.uz/problem/view/COCI20_spiderman,-,3,FALSE,,
Sieve of Eratosthenes,https://codeforces.com/problemset/problem/230/B,-,3,FALSE,,
Sliding Window,https://programming.in.th/tasks/toi8_electricity,-,3,FALSE,,
Sliding Window,https://oj.uz/problem/view/COCI17_telefoni,-,3,FALSE,,
Sliding Window,https://programming.in.th/tasks/1108,-,3,FALSE,,
Sliding Window,https://cses.fi/problemset/task/3221,intro,3,FALSE,,
Sliding Window,https://cses.fi/problemset/task/1644,"[a, b]",4,FALSE,,
Sliding Window,https://programming.in.th/tasks/toi12_barrier,-,4,FALSE,,
Sliding Window,https://cses.fi/problemset/task/1076,-,4,FALSE,,
Sparse Segment Tree,https://oj.uz/problem/view/IZhO12_apple,-,4,FALSE,,
Sparse Segment Tree,https://oj.uz/problem/view/Balkan15_HAPPINESS,-,4,FALSE,,
Sparse Table,https://cses.fi/problemset/task/1647,-,3,FALSE,,
Sparse Table,https://tlx.toki.id/problems/osn-2024/1B/,-,5,FALSE,,
Sqrt Decomposition,https://programming.in.th/tasks/toi17_sequel,Introduction,3,FALSE,,
Sqrt Decomposition,https://codeforces.com/problemset/problem/86/D,Mo's,3,FALSE,,
Sqrt Decomposition,https://codeforces.com/contest/797/problem/E,- ,3,FALSE,,
Sqrt Decomposition,https://www.spoj.com/problems/DQUERY/,Mo's Algorithm,4,FALSE,,
Sqrt Decomposition,https://atcoder.jp/contests/abc335/tasks/abc335_f,,4,FALSE,,
Sqrt Decomposition,https://codeforces.com/contest/877/problem/F,Mo (hard),4,FALSE,,
Sqrt Decomposition,https://oj.uz/problem/view/JOI18_bitaro,Topo sort,5,FALSE,,
Stack,https://programming.in.th/tasks/1121,Indroduction,1,FALSE,,
Stack,https://programming.in.th/tasks/1069,-,2,FALSE,,
Stack,https://programming.in.th/tasks/1169,-,2,FALSE,,
Stack,https://codeforces.com/group/y3JXgQG05K/contest/556933/problem/C,-,3,FALSE,,
Stack,https://programming.in.th/tasks/toi16_packbot,-,4,FALSE,,
Stack,https://oj.uz/problem/view/COCI14_bob,-,4,FALSE,,
Stack,https://oj.uz/problem/view/BOI18_zalmoxis,-,5,FALSE,,
Stack,https://programming.in.th/tasks/toi19_jewelry,-,5,FALSE,,
String,https://oj.uz/problem/view/COCI21_kaucuk,-,2,FALSE,,
String,https://programming.in.th/tasks/toi10_catcode,-,3,FALSE,,
String,https://programming.in.th/tasks/toi13_timerswitch,-,3,FALSE,,
String,https://cses.fi/problemset/task/1753,,3,FALSE,,
String,https://cses.fi/problemset/task/1733/,Harmonic Series,3,FALSE,,
String,https://cses.fi/problemset/task/1732,-,3,FALSE,,
String,https://codeforces.com/contest/1200/problem/E,hashing,3,FALSE,,
String,https://cses.fi/problemset/task/1731,"DP, trie",4,FALSE,,
String,https://oj.uz/problem/view/IOI08_printer,trie,4,FALSE,,
Sweepline,https://cses.fi/problemset/task/1619,-,2,FALSE,,
Sweepline,https://programming.in.th/tasks/1029,,3,FALSE,,
Sweepline,https://cses.fi/problemset/task/1164,"Events point, offline query",3,FALSE,,
Sweepline,https://codebreaker.xyz/problem/ranges,- ,4,FALSE,,
Topological Sort,https://cses.fi/problemset/task/1679,Introduction,3,FALSE,,
Topological Sort,https://cses.fi/problemset/task/1680,DP,3,FALSE,,
Topological Sort,https://programming.in.th/tasks/toi14_technology,-,4,FALSE,,
Topological Sort,https://cses.fi/problemset/task/1681,DP,4,FALSE,,
Topological Sort,https://cses.fi/problemset/task/1202,DP,4,FALSE,,
Treap,https://cses.fi/problemset/task/2072,basic,4,FALSE,,
Treap,https://otog.in.th/problem/877,implement หนัก(มาก),5,FALSE,,
Treap,https://programming.in.th/tasks/o60_may08_hahaha,,5,FALSE,,
Treap,https://cses.fi/problemset/task/2073,lazy,5,FALSE,,
Treap,https://cses.fi/problemset/task/2074,lazy,5,FALSE,,
Trie,https://codeforces.com/contest/633/problem/C,-,3,FALSE,,
Trie,https://codeforces.com/problemset/problem/706/D,-,3,FALSE,,
Trie,https://codeforces.com/contest/1902/problem/E,dp,4,FALSE,,
Trie,https://oj.uz/problem/view/IZhO12_xor,,4,FALSE,,
Trie,https://oj.uz/problem/view/COCI20_klasika,,4,FALSE,,
Trie,https://oj.uz/problem/view/JOI16_selling_rna,offline query,5,FALSE,,
Knuth,https://codeforces.com/contest/1101/problem/F,,5,FALSE,,
Persistence Segment Tree,https://codeforces.com/contest/1080/problem/F,,4,FALSE,,